ST_CASE,VE_TOTAL,PEDS,PERSONS,COUNTY,MONTH,DAY_WEEK,YEAR,HOUR,ROAD_FNC,ROUTE,LATITUDE,LONGITUD,HARM_EV,MAN_COLL,RELJCT2,TYP_INT,REL_ROAD,WRK_ZONE,LGT_COND,WEATHER,SCH_BUS,FATALS,DRUNK_DR,AGE,SEX_1,SEX_2,SEX_8,SEX_9,REST_MIS,DRUGS,BT_Sedan,BT_Pickup,BT_SUV_Van,BT_Motorcyle,BT_Truck,BT_Bus,BT_Unknown_Other,BT_Motorcycle,OOS_REG,TRAV_SP,DR_DRINK,PREV_ACC,PREV_DWI,PREV_SPD,SPEED_REL,VSPD_LIM,ACC_TYPE_A,ACC_TYPE_B,ACC_TYPE_C,ACC_TYPE_D,ACC_TYPE_E,ACC_TYPE_F,ACC_TYPE_G,ACC_TYPE_H,ACC_TYPE_I,ACC_TYPE_J,ACC_TYPE_K,ACC_TYPE_L,ACC_TYPE_M,MDRDSTRD,MVIOLATN
410164,1,1,1,71,8,3,2014,16,3,3,45.240975,-123.1623306,9,0,1,1,4,0,1,10,0,1,0,50,2,0,0,0,0,9,0,0,1,0,0,0,0,0.0,0,999,0,0,0,1,0,0,1,0,0,0,0,0,0,0,0,0,0,0,0,99,0
410165,1,1,1,5,8,7,2014,0,13,3,45.31821389,-122.5756194,8,0,1,1,1,0,2,1,0,1,0,33,0,2,0,0,0,9,1,0,0,0,0,0,0,0.0,0,999,0,1,0,0,0,0,0,0,1,0,0,0,0,0,0,0,0,0,0,99,0
410166,1,1,1,51,8,2,2014,15,15,6,45.50538056,-122.5945139,8,0,1,1,4,0,1,1,0,1,0,69,1,1,0,0,0,0,1,0,0,0,0,0,0,0.0,0,0,0,0,0,1,0,0,0,1,0,0,0,0,0,0,0,0,0,0,0,99,0
410167,1,1,1,15,8,6,2014,15,13,2,42.0553,-124.2912417,8,0,2,3,1,0,1,1,0,1,0,77,1,1,0,0,0,9,0,0,1,0,0,0,0,0.0,0,999,0,0,0,0,0,0,0,0,1,0,0,0,0,0,0,0,0,0,0,99,1
410168,2,0,2,35,8,1,2014,17,4,4,42.37833611,-122.2026167,12,1,1,1,1,0,1,1,0,1,1,62,2,0,0,0,0,1,0,0,0,0,0,0,0,2.0,0,999,1,0,0,0,9,0,0,0,0,1,0,0,0,0,0,0,0,0,0,99,0
410169,1,0,1,63,8,3,2014,1,2,3,45.39545278,-117.2306583,1,0,1,1,4,0,2,1,0,1,1,50,0,1,0,0,0,9,0,0,1,0,0,0,0,0.0,0,999,1,0,0,0,1,0,0,1,0,0,0,0,0,0,0,0,0,0,0,99,0
410170,1,0,2,57,8,3,2014,99,6,4,45.59693889,-123.6144167,1,0,1,1,4,0,2,1,0,2,0,43,2,0,0,0,0,9,0,0,1,0,0,0,0,0.0,0,999,0,1,0,0,9,99,0,0,0,0,0,0,0,0,0,0,0,0,1,99,0
410171,1,1,1,9,8,7,2014,14,13,2,46.09901944,-122.9899,9,0,1,1,4,0,1,1,0,1,0,54,2,0,0,0,0,0,0,1,0,0,0,0,0,0.0,1,999,0,0,0,0,0,0,0,0,1,0,0,0,0,0,0,0,0,0,0,15,1
410172,2,0,5,19,8,1,2014,15,3,3,43.34570833,-122.7374222,12,6,1,1,1,0,1,1,0,2,0,53,3,2,0,0,0,9,0,1,0,0,0,0,0,1.0,1,999,0,0,0,1,0,0,0,0,0,0,0,0,0,0,1,0,0,0,0,99,0
410173,1,0,1,43,9,2,2014,3,2,3,44.54501944,-122.9345306,1,0,1,1,1,0,2,99,0,1,0,27,0,1,0,0,0,9,0,0,1,0,0,0,0,0.0,0,999,0,0,0,0,9,0,0,0,0,0,0,0,0,0,0,0,0,0,1,99,0
410174,2,0,3,29,9,4,2014,14,15,6,42.32455278,-122.8653028,12,6,2,2,1,0,1,1,0,1,0,63,2,1,0,0,0,0,1,1,0,0,0,0,0,0.0,1,999,0,0,0,0,0,0,0,0,0,0,0,0,0,0,0,0,0,1,0,99,0
410175,1,1,1,51,9,5,2014,15,13,2,45.55432778,-122.5211306,43,0,3,2,4,0,1,1,0,1,0,47,0,2,0,0,0,9,1,0,0,0,0,0,0,0.0,1,999,0,0,0,0,0,0,1,0,0,0,0,0,0,0,0,0,0,0,0,0,0
410176,1,0,1,39,9,6,2014,3,2,3,43.62037222,-122.0681611,1,0,1,1,1,0,2,1,0,1,0,56,1,0,0,0,0,9,0,0,0,0,1,0,0,0.0,0,999,0,0,0,1,1,0,0,0,0,0,0,0,0,0,0,0,0,0,1,99,0
410177,1,0,1,19,9,6,2014,15,1,1,43.70572778,-123.2084944,18,0,1,1,1,1,1,1,0,1,0,60,1,0,0,0,0,9,0,0,0,0,0,0,0,1.0,0,999,0,0,0,0,0,0,0,0,1,0,0,0,0,0,0,0,0,0,0,99,0
410178,5,0,8,29,9,2,2014,17,1,1,42.42591667,-123.1119528,12,1,1,1,1,1,1,1,0,1,0,40,4,4,0,0,0,0,2,0,3,0,0,0,0,0.0,0,999,0,1,0,3,1,0,0,0,0,1,0,0,0,0,0,0,0,0,1,99,0
410179,2,0,3,43,9,2,2014,19,2,3,44.55565556,-123.0490806,12,6,2,2,1,0,1,1,0,1,0,29,1,2,0,0,0,9,2,0,0,0,0,0,0,0.0,0,999,0,0,0,0,0,0,0,0,0,0,0,0,0,0,0,0,0,1,0,99,0
410180,1,0,2,39,9,6,2014,15,2,3,44.00369444,-123.6453222,34,0,1,1,4,0,1,1,0,1,0,75,1,1,0,0,0,0,0,1,0,0,0,0,0,0.0,0,999,0,0,0,0,0,0,1,0,0,0,0,0,0,0,0,0,0,0,0,99,0
410181,2,0,5,51,2,1,2014,5,14,6,45.54873056,-122.5577806,14,0,1,1,4,0,4,98,0,1,1,25,5,0,0,0,0,9,1,0,0,0,0,0,0,0.0,0,999,1,1,0,0,1,0,1,0,0,0,0,0,0,0,0,0,0,0,0,99,1
410182,1,1,1,67,2,2,2014,22,13,3,45.442675,-122.745225,8,0,1,1,1,0,2,2,0,1,0,42,1,1,0,0,0,9,0,0,1,0,0,0,0,0.0,0,999,0,0,0,0,0,0,0,0,1,0,0,0,0,0,0,0,0,0,0,99,0
410183,1,0,1,47,6,7,2014,16,14,6,44.89550278,-123.0048722,33,0,1,1,4,0,1,10,0,1,0,26,1,0,0,0,0,9,0,0,0,0,0,0,0,1.0,0,999,0,0,0,1,1,0,1,0,0,0,0,0,0,0,0,0,0,0,0,99,0
410184,2,0,3,39,6,7,2014,10,14,3,44.05675833,-123.0242167,12,6,2,2,1,0,1,10,0,1,0,60,1,2,0,0,0,9,1,0,1,0,0,0,0,0.0,1,999,0,0,0,0,0,0,0,0,0,0,0,0,0,0,0,0,0,1,0,99,0
410185,1,0,5,33,8,1,2014,2,6,4,42.27910556,-123.5932667,34,0,1,1,4,0,2,1,0,1,1,22,5,0,0,0,0,9,0,1,0,0,0,0,0,0.0,0,999,1,0,0,2,1,0,1,0,0,0,0,0,0,0,0,0,0,0,0,99,0
410186,1,1,1,27,8,1,2014,6,1,1,45.69731111,-121.6665222,9,0,3,3,4,0,1,1,0,1,0,53,1,1,0,0,0,0,0,1,0,0,0,0,0,0.0,1,999,0,0,0,0,0,0,1,0,0,0,0,0,0,0,0,0,0,0,0,0,62
410187,1,1,1,5,9,3,2014,14,11,1,45.38453889,-122.5803,8,0,3,2,1,0,1,1,0,1,0,58,2,0,0,0,0,9,0,0,1,0,0,0,0,0.0,0,999,0,0,0,0,0,0,0,0,1,0,0,0,0,0,0,0,0,0,0,99,98
410188,1,0,1,43,9,7,2014,10,4,4,44.74463056,-122.4318417,42,0,1,1,4,0,1,1,0,1,0,63,1,0,0,0,0,9,0,0,1,0,0,0,0,0.0,0,999,0,0,0,0,1,0,0,1,0,0,0,0,0,0,0,0,0,0,0,99,0
410189,1,0,1,63,9,7,2014,17,6,4,45.94917778,-117.4615861,1,0,1,1,4,0,1,1,0,1,1,27,1,0,0,0,0,9,0,1,0,0,0,0,0,0.0,0,999,1,0,0,0,9,99,0,1,0,0,0,0,0,0,0,0,0,0,0,99,0
410190,1,0,2,39,9,7,2014,99,5,4,44.04656944,-123.7524889,1,0,1,1,4,0,2,99,0,1,0,18,1,1,0,0,0,9,0,0,1,0,0,0,0,0.0,0,999,0,0,0,0,9,99,0,0,0,0,0,0,0,0,0,0,0,0,1,99,0
410191,1,0,1,39,9,3,2014,18,2,3,44.051625,-123.5354167,42,0,1,1,4,0,1,1,0,1,1,49,1,0,0,0,0,9,1,0,0,0,0,0,0,0.0,0,999,1,0,0,0,1,0,1,0,0,0,0,0,0,0,0,0,0,0,0,99,0
410192,1,0,1,35,9,4,2014,99,4,4,42.66827222,-121.9828417,34,0,1,1,4,0,2,1,0,1,1,19,1,0,0,0,0,9,1,0,0,0,0,0,0,0.0,0,999,1,0,0,0,1,0,0,1,0,0,0,0,0,0,0,0,0,0,0,99,0
410193,1,1,1,57,9,6,2014,17,5,3,45.43469444,-123.898625,9,0,1,1,1,0,1,1,0,1,0,70,2,0,0,0,0,9,0,1,0,0,0,0,0,0.0,0,999,0,1,0,0,0,0,0,0,1,0,0,0,0,0,0,0,0,0,0,99,2
410194,2,0,3,19,9,1,2014,18,13,3,43.1503,-123.3650611,12,1,20,1,1,0,1,1,0,1,0,34,2,1,0,0,0,9,0,0,0,0,0,0,0,2.0,0,999,0,0,1,0,0,99,0,0,0,1,0,0,0,0,0,0,0,0,0,99,2
410195,2,1,2,5,9,5,2014,14,3,3,45.31310833,-122.6599444,8,0,1,1,1,0,1,10,0,1,0,53,2,1,0,0,0,9,1,1,0,0,0,0,0,0.0,0,999,0,0,0,0,9,0,0,0,1,0,0,0,0,0,0,0,0,0,1,16,99
410196,1,0,1,59,9,5,2014,4,1,1,45.58322222,-118.6077111,35,0,1,1,4,0,2,10,0,1,1,29,1,0,0,0,0,9,0,1,0,0,0,0,0,0.0,0,999,1,0,0,1,9,0,1,0,0,0,0,0,0,0,0,0,0,0,0,99,0
410197,1,0,1,19,9,6,2014,99,2,3,43.64965556,-123.8941528,42,0,1,1,4,0,9,99,0,1,1,59,1,0,0,0,0,9,0,0,0,0,0,0,0,1.0,0,999,1,0,0,0,9,0,0,1,0,0,0,0,0,0,0,0,0,0,0,99,0
410198,2,1,2,39,9,7,2014,22,4,4,43.76902778,-122.9320444,8,0,1,1,1,0,2,1,0,1,0,53,1,2,0,0,0,9,0,2,0,0,0,0,0,0.0,0,999,0,2,0,1,9,0,0,0,1,0,0,0,0,0,0,0,0,0,1,99,0
410199,5,0,7,47,9,4,2014,7,11,1,44.95889722,-122.9902972,12,6,1,1,1,0,1,2,0,2,0,39,6,1,0,0,0,9,1,3,0,0,1,0,0,0.0,1,999,0,0,0,1,0,0,0,0,0,0,0,1,0,0,0,0,0,0,1,99,0
410200,2,0,3,33,3,7,2014,17,2,2,42.23046389,-123.6430972,12,6,1,1,1,0,1,1,0,1,0,54,2,1,0,0,0,9,1,0,0,0,0,0,0,1.0,0,999,0,0,0,0,1,0,0,0,0,0,0,0,0,0,1,0,0,0,0,99,0
410201,2,0,4,65,8,5,2014,7,3,2,45.50849167,-121.08675,12,6,2,3,1,0,1,10,0,1,0,55,2,2,0,0,0,9,0,1,1,0,0,0,0,0.0,0,999,0,0,0,0,0,0,0,0,0,0,0,0,0,0,0,0,1,0,0,99,0
410202,2,0,3,55,9,6,2014,16,2,2,45.574225,-120.697075,12,6,2,3,1,0,1,1,0,1,1,72,1,2,0,0,0,0,0,0,1,0,0,0,0,1.0,0,999,1,0,0,0,0,0,0,0,0,0,0,0,0,0,0,0,1,0,0,99,0
410203,1,0,2,67,10,5,2014,12,14,6,45.50965556,-122.9688889,10,0,6,1,1,0,1,1,0,1,0,83,1,1,0,0,0,9,1,0,0,0,0,0,0,0.0,0,999,0,0,0,0,0,0,0,0,1,0,0,0,0,0,0,0,0,0,0,99,0
410204,1,1,1,47,10,6,2014,19,13,6,44.93983056,-122.9949278,8,0,1,1,1,0,5,1,0,1,0,62,1,1,0,0,0,9,1,0,0,0,0,0,0,0.0,0,999,0,0,0,0,0,0,0,0,1,0,0,0,0,0,0,0,0,0,0,99,0
410205,1,0,5,1,10,6,2014,5,1,1,44.93371111,-117.8381778,1,0,1,1,1,0,2,1,0,1,0,22,1,4,0,0,0,9,1,0,0,0,0,0,0,0.0,1,999,0,0,0,0,0,0,0,0,0,0,0,0,0,0,0,0,0,0,1,0,0
410206,3,0,5,51,10,1,2014,16,15,6,45.55538611,-122.5652667,12,1,1,1,1,0,1,1,0,1,1,36,3,2,0,0,0,1,2,0,1,0,0,0,0,0.0,0,999,1,0,0,0,1,0,0,0,0,1,0,0,0,0,0,0,0,0,1,99,0
410208,1,0,1,39,10,2,2014,0,2,3,43.95791667,-122.9091722,1,0,3,3,4,0,3,99,0,1,1,52,1,0,0,0,0,9,0,0,1,0,0,0,0,0.0,0,999,1,0,1,0,0,0,0,0,1,0,0,0,0,0,0,0,0,0,0,99,0
410209,2,0,3,39,10,3,2014,16,2,3,44.00992778,-123.6044472,12,2,1,1,1,0,1,1,0,2,1,51,2,1,0,0,0,9,0,2,0,0,0,0,0,0.0,1,999,1,0,0,0,9,99,0,0,0,0,0,0,1,0,0,0,0,0,0,99,0
410210,1,0,1,1,6,1,2014,18,5,8,45.02685556,-117.44645,42,0,1,1,4,0,1,1,0,1,0,38,1,0,0,0,0,9,0,0,0,0,0,0,0,1.0,99,999,0,0,0,0,0,0,1,0,0,0,0,0,0,0,0,0,0,0,0,99,0
410211,2,0,3,53,6,2,2014,23,2,3,45.06101944,-123.6666389,12,6,1,1,1,0,2,10,0,1,1,40,2,1,0,0,0,9,1,0,1,0,0,0,0,0.0,0,999,1,0,0,0,1,0,0,0,0,0,0,0,0,0,1,0,0,0,0,99,0
410212,1,1,1,5,1,5,2014,17,15,6,45.43827778,-122.5732583,8,0,1,1,1,0,3,2,0,1,0,53,0,2,0,0,0,0,0,0,1,0,0,0,0,0.0,0,999,0,0,0,0,1,0,0,0,1,0,0,0,0,0,0,0,0,0,0,99,46
410213,1,0,2,9,7,7,2014,3,4,4,46.16286944,-123.1391417,1,0,1,1,4,0,2,1,0,1,1,24,1,1,0,0,0,1,0,1,0,0,0,0,0,0.0,0,999,1,0,0,0,1,0,1,0,0,0,0,0,0,0,0,0,0,0,0,99,0
410214,1,1,1,41,8,2,2014,17,13,2,44.97083889,-124.0145972,8,0,3,2,1,0,1,10,0,1,0,59,1,1,0,0,0,9,0,1,0,0,0,0,0,0.0,0,999,0,0,0,0,0,0,0,0,1,0,0,0,0,0,0,0,0,0,0,99,46
410215,1,0,1,51,10,4,2014,6,15,6,45.56593889,-122.5262667,3,0,1,1,5,0,1,1,0,1,0,47,1,0,0,0,0,9,1,0,0,0,0,0,0,0.0,1,999,0,0,0,0,9,0,1,0,0,0,0,0,0,0,0,0,0,0,0,99,0
410216,1,0,1,39,10,6,2014,14,2,3,44.05269722,-123.3246778,42,0,1,1,4,0,1,1,0,1,0,80,1,0,0,0,0,9,1,0,0,0,0,0,0,0.0,0,999,0,0,0,0,9,0,0,1,0,0,0,0,0,0,0,0,0,0,0,99,0
410217,1,0,1,17,10,3,2014,99,4,4,43.70694722,-121.317425,1,0,1,1,4,0,1,1,0,1,1,29,1,0,0,0,0,9,1,0,0,0,0,0,0,0.0,0,999,1,0,0,0,9,99,0,0,0,0,0,0,0,0,0,0,0,0,1,99,0
410218,1,0,1,47,10,2,2014,13,4,3,44.85721389,-122.6902028,42,0,1,1,4,0,1,1,0,1,0,67,1,0,0,0,0,9,0,0,0,0,0,0,0,1.0,1,999,0,0,0,0,9,99,0,0,0,0,0,0,0,0,0,0,0,0,1,99,0
410219,2,0,3,5,10,4,2014,14,3,3,45.14969167,-122.5565944,12,2,1,1,1,0,1,10,0,1,0,33,1,2,0,0,0,9,2,0,0,0,0,0,0,0.0,0,999,0,0,0,0,9,0,0,0,0,0,0,0,1,0,0,0,0,0,0,99,0
410220,2,0,5,43,10,7,2014,9,2,2,44.42989722,-121.8745833,35,0,1,1,4,0,1,10,0,3,0,42,2,3,0,0,1,9,1,0,1,0,0,0,0,0.0,0,999,0,0,0,0,9,0,1,0,0,0,0,0,0,0,0,0,0,0,1,99,0
410221,2,2,1,49,10,2,2014,7,1,1,45.83988611,-119.680775,12,1,1,1,1,0,4,1,0,1,0,57,3,0,0,0,0,9,1,0,0,0,1,0,0,0.0,1,999,0,1,0,1,9,0,0,0,0,1,0,0,0,0,0,0,0,0,0,16,99
410222,2,0,3,51,10,3,2014,16,16,6,45.52111667,-122.5814583,12,6,2,2,1,0,1,10,0,1,0,35,1,2,0,0,0,9,1,0,1,0,0,0,0,0.0,0,999,0,0,0,2,1,0,0,0,0,0,0,0,0,0,0,0,0,1,0,99,0
410223,2,0,2,43,10,5,2014,10,1,1,44.67352222,-123.0569306,12,2,1,1,4,0,1,10,0,1,0,46,1,1,0,0,0,9,1,0,0,0,1,0,0,0.0,1,999,0,0,0,0,0,0,0,0,0,0,0,0,1,0,0,0,0,0,0,0,0
410224,2,0,2,57,10,5,2014,15,2,2,45.24476667,-123.8575167,12,2,1,1,1,0,1,10,0,1,1,45,2,0,0,0,0,9,1,1,0,0,0,0,0,0.0,0,999,1,1,1,2,1,0,0,0,0,0,0,0,1,0,0,0,0,0,0,99,0
410225,1,0,1,67,10,7,2014,3,15,6,45.54766667,-122.9261583,42,0,1,1,4,0,3,2,0,1,1,51,1,0,0,0,0,9,1,0,0,0,0,0,0,0.0,0,999,1,0,0,0,1,0,1,0,0,0,0,0,0,0,0,0,0,0,0,99,0
410226,1,0,1,25,10,7,2014,19,3,4,42.58996111,-118.9565528,1,0,1,1,4,0,2,1,0,1,1,23,1,0,0,0,0,9,0,0,1,0,0,0,0,0.0,0,999,1,0,0,0,9,0,0,1,0,0,0,0,0,0,0,0,0,0,0,99,0
410227,1,0,1,51,10,4,2014,5,16,6,45.51376389,-122.5066861,1,0,1,1,5,0,3,2,0,1,0,30,1,0,0,0,1,9,1,0,0,0,0,0,0,0.0,0,999,0,0,0,4,1,0,0,1,0,0,0,0,0,0,0,0,0,0,0,99,0
410228,1,1,1,17,10,6,2014,20,13,2,43.67045278,-121.5036667,8,0,1,1,1,0,2,10,0,1,1,44,1,1,0,0,0,9,0,1,0,0,0,0,0,0.0,0,999,1,0,0,0,9,0,0,0,1,0,0,0,0,0,0,0,0,0,0,99,0
410229,1,0,2,67,11,7,2014,0,3,4,45.45998333,-122.9006611,1,0,1,1,4,0,2,2,0,1,1,34,1,1,0,0,0,9,1,0,0,0,0,0,0,0.0,0,999,1,0,0,0,1,0,1,0,0,0,0,0,0,0,0,0,0,0,0,99,0
410230,2,0,5,47,11,2,2014,17,14,6,44.99686667,-123.0159889,12,1,1,1,1,0,3,99,0,1,0,17,3,2,0,0,0,9,0,1,1,0,0,0,0,0.0,1,999,0,0,0,0,0,0,0,0,0,1,0,0,0,0,0,0,0,0,0,99,0
410231,1,0,5,39,11,5,2014,6,2,3,44.03122222,-123.8440972,42,0,1,1,4,0,4,2,0,2,0,15,3,2,0,0,0,9,0,0,1,0,0,0,0,0.0,0,999,0,0,0,0,9,0,1,0,0,0,0,0,0,0,0,0,0,0,0,99,0
410232,2,0,2,47,11,5,2014,6,5,4,45.1472,-122.9550556,12,2,1,1,1,0,4,10,0,2,0,32,1,1,0,0,0,9,2,0,0,0,0,0,0,0.0,0,999,0,0,0,2,0,0,0,0,0,0,0,0,1,0,0,0,0,0,0,99,0
410233,2,0,2,71,11,1,2014,20,16,6,45.20081111,-123.1936361,14,0,1,1,2,0,3,1,0,1,1,29,1,1,0,0,0,9,0,0,0,0,0,0,0,1.0,1,999,1,0,0,0,1,0,0,0,0,0,0,0,0,0,0,0,0,0,1,99,0
410234,1,1,1,47,11,2,2014,21,13,4,44.96991389,-122.9697778,8,0,1,1,1,0,2,10,0,1,0,49,2,0,0,0,0,9,0,0,1,0,0,0,0,0.0,1,999,0,0,0,0,0,0,0,0,1,0,0,0,0,0,0,0,0,0,0,0,0
410235,1,0,1,63,11,2,2014,15,3,3,45.99189167,-117.278,58,0,1,1,5,0,1,1,0,1,0,23,0,1,0,0,0,9,1,0,0,0,0,0,0,0.0,1,999,0,0,1,1,9,0,0,1,0,0,0,0,0,0,0,0,0,0,0,99,0
410236,3,0,3,19,11,5,2014,21,1,1,42.903825,-123.2530556,12,2,1,1,1,0,2,2,0,1,1,53,2,1,0,0,0,9,1,0,0,0,2,0,0,0.0,1,999,1,2,0,0,0,0,0,0,0,0,0,0,1,0,0,0,0,0,1,0,0
410237,1,0,1,13,11,5,2014,12,2,2,44.30096389,-120.7292806,1,0,1,1,5,0,1,4,0,1,0,91,1,0,0,0,0,0,0,1,0,0,0,0,0,0.0,0,999,0,0,0,0,1,0,1,0,0,0,0,0,0,0,0,0,0,0,0,99,0
410238,1,1,1,29,11,7,2014,15,14,6,42.34748611,-122.8568278,8,0,3,2,1,0,1,98,0,1,0,26,0,2,0,0,0,9,1,0,0,0,0,0,0,0.0,0,999,0,0,0,0,0,0,0,0,1,0,0,0,0,0,0,0,0,0,0,99,46
410239,1,1,1,67,11,5,2014,11,14,6,45.52496944,-122.8084222,9,0,2,3,1,0,1,10,0,1,0,65,2,0,0,0,0,9,0,0,0,0,1,0,0,0.0,1,999,0,0,0,0,9,0,0,0,1,0,0,0,0,0,0,0,0,0,0,99,0
410240,4,0,4,39,11,6,2014,6,3,3,44.18281111,-123.2022,12,2,1,1,1,0,2,10,0,1,0,44,2,2,0,0,0,9,0,3,1,0,0,0,0,0.0,0,999,0,0,1,0,0,99,0,0,0,0,0,0,1,0,0,0,0,0,1,99,0
410241,2,0,4,47,11,3,2014,2,1,1,45.08553333,-122.9470694,12,2,1,1,1,0,2,10,0,1,1,35,1,3,0,0,0,9,2,0,0,0,0,0,0,0.0,1,999,1,0,0,1,0,0,0,0,0,0,0,0,1,0,0,0,0,0,0,99,0
410242,1,1,1,5,11,4,2014,17,13,3,45.44142222,-122.5789472,8,0,1,1,1,0,3,10,0,1,0,52,2,0,0,0,0,9,0,0,0,0,0,1,0,0.0,0,999,0,0,0,0,0,0,0,0,1,0,0,0,0,0,0,0,0,0,0,0,0
410243,1,1,1,5,1,5,2014,19,13,3,45.42365278,-122.6335944,8,0,3,3,1,0,2,1,0,1,0,50,2,0,0,0,0,0,0,1,0,0,0,0,0,0.0,0,999,0,0,0,0,9,99,0,0,1,0,0,0,0,0,0,0,0,0,0,99,0
410244,1,0,2,7,7,1,2014,5,2,2,45.91523611,-123.9393667,42,0,1,1,4,0,2,1,0,1,0,22,0,2,0,0,0,9,1,0,0,0,0,0,0,0.0,1,999,0,0,0,0,9,0,0,1,0,0,0,0,0,0,0,0,0,0,0,99,0
410245,2,0,2,3,8,5,2014,6,13,2,44.64318889,-123.1378,12,2,1,1,1,0,1,1,0,1,0,34,2,0,0,0,0,1,2,0,0,0,0,0,0,0.0,0,999,0,0,0,1,0,0,0,0,0,0,0,0,1,0,0,0,0,0,0,99,0